timestamp,benchmark,run,event,value,unit
2026-09-27_12-55-18,adaptec1,1,task-clock,408893.99,msec
2026-09-27_12-55-18,adaptec1,1,cycles,1571892402512,
2026-09-27_12-55-18,adaptec1,1,instructions,1546920539604,
2026-09-27_12-55-18,adaptec1,1,cache-references,40527221876,
2026-09-27_12-55-18,adaptec1,1,cache-misses,461560962,
2026-09-27_12-55-18,adaptec1,1,L1-dcache-loads,653219181269,
2026-09-27_12-55-18,adaptec1,1,L1-dcache-load-misses,35428335662,
2026-09-27_12-55-18,adaptec1,1,LLC-loads,40329117306,
2026-09-27_12-55-18,adaptec1,1,LLC-load-misses,445355949,
2026-09-27_12-55-18,adaptec1,1,branch-instructions,175669759959,
2026-09-27_12-55-18,adaptec1,1,branch-misses,7498833438,
2026-09-27_12-55-18,adaptec1,2,task-clock,413197.63,msec
2026-09-27_12-55-18,adaptec1,2,cycles,1567280127146,
2026-09-27_12-55-18,adaptec1,2,instructions,1547012408349,
2026-09-27_12-55-18,adaptec1,2,cache-references,40445605033,
2026-09-27_12-55-18,adaptec1,2,cache-misses,463050280,
2026-09-27_12-55-18,adaptec1,2,L1-dcache-loads,655755145875,
2026-09-27_12-55-18,adaptec1,2,L1-dcache-load-misses,35272065556,
2026-09-27_12-55-18,adaptec1,2,LLC-loads,40360002845,
2026-09-27_12-55-18,adaptec1,2,LLC-load-misses,451226648,
2026-09-27_12-55-18,adaptec1,2,branch-instructions,175751009863,
2026-09-27_12-55-18,adaptec1,2,branch-misses,7395241412,
2026-09-27_12-55-18,adaptec1,3,task-clock,416866.55,msec
2026-09-27_12-55-18,adaptec1,3,cycles,1572517738766,
2026-09-27_12-55-18,adaptec1,3,instructions,1548726095304,
2026-09-27_12-55-18,adaptec1,3,cache-references,40540044426,
2026-09-27_12-55-18,adaptec1,3,cache-misses,476262049,
2026-09-27_12-55-18,adaptec1,3,L1-dcache-loads,654443538160,
2026-09-27_12-55-18,adaptec1,3,L1-dcache-load-misses,35275701067,
2026-09-27_12-55-18,adaptec1,3,LLC-loads,40273691447,
2026-09-27_12-55-18,adaptec1,3,LLC-load-misses,459536208,
2026-09-27_12-55-18,adaptec1,3,branch-instructions,176290173114,
2026-09-27_12-55-18,adaptec1,3,branch-misses,7503570943,
2026-09-27_12-55-18,adaptec1,4,task-clock,416237.62,msec
2026-09-27_12-55-18,adaptec1,4,cycles,1568972684130,
2026-09-27_12-55-18,adaptec1,4,instructions,1548622851504,
2026-09-27_12-55-18,adaptec1,4,cache-references,40648635012,
2026-09-27_12-55-18,adaptec1,4,cache-misses,472654451,
2026-09-27_12-55-18,adaptec1,4,L1-dcache-loads,656262173372,
2026-09-27_12-55-18,adaptec1,4,L1-dcache-load-misses,35273879347,
2026-09-27_12-55-18,adaptec1,4,LLC-loads,40146748119,
2026-09-27_12-55-18,adaptec1,4,LLC-load-misses,460116240,
2026-09-27_12-55-18,adaptec1,4,branch-instructions,176166649019,
2026-09-27_12-55-18,adaptec1,4,branch-misses,7394605075,
2026-09-27_12-55-18,adaptec1,5,task-clock,416271.56,msec
2026-09-27_12-55-18,adaptec1,5,cycles,1569970938276,
2026-09-27_12-55-18,adaptec1,5,instructions,1546920586055,
2026-09-27_12-55-18,adaptec1,5,cache-references,40526920859,
2026-09-27_12-55-18,adaptec1,5,cache-misses,480331213,
2026-09-27_12-55-18,adaptec1,5,L1-dcache-loads,656217809854,
2026-09-27_12-55-18,adaptec1,5,L1-dcache-load-misses,35459297553,
2026-09-27_12-55-18,adaptec1,5,LLC-loads,40395595240,
2026-09-27_12-55-18,adaptec1,5,LLC-load-misses,466027091,
2026-09-27_12-55-18,adaptec1,5,branch-instructions,175904505279,
2026-09-27_12-55-18,adaptec1,5,branch-misses,7397640020
