timestamp,benchmark,run,event,value,unit
2026-09-27_17-07-56,toy,1,task-clock,42.94,msec
2026-09-27_17-07-56,toy,1,cycles,59717552,
2026-09-27_17-07-56,toy,1,instructions,155940724,
2026-09-27_17-07-56,toy,1,cache-references,176236,
2026-09-27_17-07-56,toy,1,cache-misses,123324,
2026-09-27_17-07-56,toy,1,branch-instructions,15274569,
2026-09-27_17-07-56,toy,1,branch-misses,38530,
2026-09-27_17-07-56,toy,2,task-clock,45.38,msec
2026-09-27_17-07-56,toy,2,cycles,60382737,
2026-09-27_17-07-56,toy,2,instructions,160137615,
2026-09-27_17-07-56,toy,2,cache-references,193880,
2026-09-27_17-07-56,toy,2,cache-misses,123559,
2026-09-27_17-07-56,toy,2,branch-instructions,16059423,
2026-09-27_17-07-56,toy,2,branch-misses,40035,
2026-09-27_17-07-56,toy,3,task-clock,46.50,msec
2026-09-27_17-07-56,toy,3,cycles,62309432,
2026-09-27_17-07-56,toy,3,instructions,160148451,
2026-09-27_17-07-56,toy,3,cache-references,211827,
2026-09-27_17-07-56,toy,3,cache-misses,133900,
2026-09-27_17-07-56,toy,3,branch-instructions,16059815,
2026-09-27_17-07-56,toy,3,branch-misses,43702,
2026-09-27_17-07-56,toy,4,task-clock,46.63,msec
2026-09-27_17-07-56,toy,4,cycles,60976981,
2026-09-27_17-07-56,toy,4,instructions,160027742,
2026-09-27_17-07-56,toy,4,cache-references,204087,
2026-09-27_17-07-56,toy,4,cache-misses,129490,
2026-09-27_17-07-56,toy,4,branch-instructions,16038977,
2026-09-27_17-07-56,toy,4,branch-misses,42867,
2026-09-27_17-07-56,toy,5,task-clock,44.91,msec
2026-09-27_17-07-56,toy,5,cycles,60370680,
2026-09-27_17-07-56,toy,5,instructions,159968421,
2026-09-27_17-07-56,toy,5,cache-references,199712,
2026-09-27_17-07-56,toy,5,cache-misses,126535,
2026-09-27_17-07-56,toy,5,branch-instructions,16028888,
2026-09-27_17-07-56,toy,5,branch-misses,41162,
